{
  "data_version": 2,
  "lastLogin": 1622915801495,
  "lastIP": "/191.223.101.184",
  "usedKits": {
    "inicial": 1621742147156,
    "start": 1621742247390,
    "casa": 1622321389616,
    "mstart": 1621743641788,
    "sstart": 1621743716224,
    "dstart": 1622321265333,
    "pascoa": 1621743825984,
    "dajudante": 1622832625246,
    "sajudante": 1622353737136,
    "majudante": 1621743983929,
    "ajuda": 1621744135178,
    "farm": 1622321321188,
    "diario": 1622321376066,
    "comida": 1622673022735,
    "raro": 1622675837615,
    "caixas": 1622254005081,
    "ultra": 1622919300679
  },
  "firstJoin": 1621742147149,
  "firstJoinProcessed": true,
  "vanish": false,
  "jailOnNextLogin": false,
  "lastKnownName": "viniciusbrkk",
  "fly": true,
  "homes": {
    "casa": {
      "x": -2044.6216731988611,
      "y": 99,
      "z": -3393.0184528599048,
      "rotx": 68.10008239746094,
      "roty": -275.99700927734375,
      "rotz": 0,
      "world": "fa9df8f4-6bbe-42a7-b26d-a3befddff91d"
    },
    "flower": {
      "x": -4671.469317879419,
      "y": 90,
      "z": -2313.6031045771024,
      "rotx": 26.40008544921875,
      "roty": -260.99530029296875,
      "rotz": 0,
      "world": "c28925ca-19de-463e-a50c-875f2214c05e"
    },
    "tesouro": {
      "x": 0.05594470008910089,
      "y": 67,
      "z": 0.22167677367554103,
      "rotx": 82.94998931884766,
      "roty": -35.86469268798828,
      "rotz": 0,
      "world": "fa9df8f4-6bbe-42a7-b26d-a3befddff91d"
    },
    "extremehillsm": {
      "x": 5086.260478026688,
      "y": 74,
      "z": -3888.461316179052,
      "rotx": 48.30000686645508,
      "roty": 287.833251953125,
      "rotz": 0,
      "world": "fa9df8f4-6bbe-42a7-b26d-a3befddff91d"
    },
    "flower2": {
      "x": -1614.5682326998774,
      "y": 92,
      "z": -30.325735273466098,
      "rotx": 55.34992218017578,
      "roty": 202.66387939453125,
      "rotz": 0,
      "world": "fa9df8f4-6bbe-42a7-b26d-a3befddff91d"
    },
    "jirachi": {
      "x": -2022.2243598666726,
      "y": 90,
      "z": 57.05561753756705,
      "rotx": 38.249961853027344,
      "roty": 79.36408996582031,
      "rotz": 0,
      "world": "fa9df8f4-6bbe-42a7-b26d-a3befddff91d"
    },
    "theend": {
      "x": 736.2527843016874,
      "y": 58.36870145465088,
      "z": -1128.8446117641004,
      "rotx": 22.19996452331543,
      "roty": 181.9407958984375,
      "rotz": 0,
      "world": "74773b72-0d10-41bd-a3ed-419856a5f2c3"
    },
    "stakataka": {
      "x": 1057.2912363175353,
      "y": 96,
      "z": -365.9197426059443,
      "rotx": 52.79999923706055,
      "roty": -133.27947998046875,
      "rotz": 0,
      "world": "c28925ca-19de-463e-a50c-875f2214c05e"
    },
    "celestela": {
      "x": 630.5770908900198,
      "y": 90,
      "z": 1316.6597042012343,
      "rotx": 20.699962615966797,
      "roty": 28.654579162597656,
      "rotz": 0,
      "world": "c28925ca-19de-463e-a50c-875f2214c05e"
    },
    "poipole": {
      "x": -4656.459027128709,
      "y": 93.87125819879358,
      "z": -1871.798066797326,
      "rotx": 33.14994812011719,
      "roty": 118.65509033203125,
      "rotz": 0,
      "world": "c28925ca-19de-463e-a50c-875f2214c05e"
    }
  },
  "nickname-text": "{\"extra\":[{\"color\":\"dark_gray\",\"text\":\"vini\"},{\"color\":\"blue\",\"text\":\"ciusbrkk\"}],\"text\":\"\"}",
  "powertools": {}
}