{
  "data_version": 2,
  "lastLogin": 1623881683630,
  "lastIP": "/164.163.200.143",
  "usedKits": {
    "inicial": 1621960522276,
    "start": 1621960565753,
    "pascoa": 1621960613543,
    "mstart": 1621960637690,
    "sstart": 1621960708141,
    "dstart": 1622074258058,
    "diario": 1622235156372,
    "ajuda": 1622074637396,
    "farm": 1623101132145,
    "casa": 1623101116440,
    "comida": 1623192649534
  },
  "firstJoin": 1621960522269,
  "firstJoinProcessed": true,
  "vanish": false,
  "jailOnNextLogin": false,
  "lastKnownName": "OnlyGuhxz",
  "fly": false,
  "homes": {
    "casa": {
      "x": -3056.412876239558,
      "y": 74,
      "z": -874.7671637823821,
      "rotx": 84.54369354248047,
      "roty": -31.909624099731445,
      "rotz": 0,
      "world": "fa9df8f4-6bbe-42a7-b26d-a3befddff91d"
    },
    "phero": {
      "x": -374.1979462465659,
      "y": 89,
      "z": 1807.720531082334,
      "rotx": 24.63693618774414,
      "roty": 170.9950714111328,
      "rotz": 0,
      "world": "c28925ca-19de-463e-a50c-875f2214c05e"
    },
    "doi": {
      "x": 2438.9871478694945,
      "y": 87,
      "z": 3816.628683689255,
      "rotx": 75.92606353759766,
      "roty": -223.90191650390625,
      "rotz": 0,
      "world": "c28925ca-19de-463e-a50c-875f2214c05e"
    },
    "poipole": {
      "x": -2802.4859647869666,
      "y": 93,
      "z": -1424.811324210676,
      "rotx": 22.383201599121094,
      "roty": 168.95416259765625,
      "rotz": 0,
      "world": "c28925ca-19de-463e-a50c-875f2214c05e"
    },
    "kartana": {
      "x": -1793.39983807307,
      "y": 88,
      "z": 3308.110504011108,
      "rotx": -9.643013000488281,
      "roty": 180.35174560546875,
      "rotz": 0,
      "world": "c28925ca-19de-463e-a50c-875f2214c05e"
    }
  },
  "powertools": {}
}