{
  "data_version": 2,
  "lastLogin": 1623359529933,
  "lastIP": "/186.212.239.169",
  "usedKits": {
    "inicial": 1621781758482,
    "start": 1621781789026,
    "dstart": 1622339006763,
    "sstart": 1621782400319,
    "mstart": 1621782416470,
    "ajuda": 1621812207282,
    "farm": 1622604156234,
    "casa": 1621813743490,
    "pascoa": 1622050608073,
    "caixas": 1622084312868,
    "d-ultra": 1623359621100,
    "s-ultra": 1623359698299,
    "m-ultra": 1622116717755,
    "m-ultrak": 1622117771256,
    "comida": 1622123373859,
    "livros": 1622339813806,
    "diario": 1622603040965,
    "menu": 1622602282342
  },
  "firstJoin": 1621781758474,
  "firstJoinProcessed": true,
  "vanish": false,
  "jailOnNextLogin": false,
  "lastKnownName": "lukinhaxfodaXD",
  "fly": false,
  "homes": {
    "mesa": {
      "x": -6536.882194899437,
      "y": 95,
      "z": 1034.1647978750727,
      "rotx": 16.558748245239258,
      "roty": 117.1875991821289,
      "rotz": 0,
      "world": "fa9df8f4-6bbe-42a7-b26d-a3befddff91d"
    },
    "safari": {
      "x": 5000.510222754814,
      "y": 60,
      "z": 5000.57469620832,
      "rotx": 47.39995193481445,
      "roty": 178.65289306640625,
      "rotz": 0,
      "world": "38c8d0f2-5931-439a-b901-f07be8dad872"
    },
    "casa": {
      "x": -5810.977927564405,
      "y": 72.10412107237981,
      "z": 3461.0976317663612,
      "rotx": 3.127091884613037,
      "roty": 90.17425537109375,
      "rotz": 0,
      "world": "fa9df8f4-6bbe-42a7-b26d-a3befddff91d"
    },
    "lojavip": {
      "x": 5091.903016073149,
      "y": 70,
      "z": -5184.081087301286,
      "rotx": 28.245237350463867,
      "roty": 182.8526153564453,
      "rotz": 0,
      "world": "38c8d0f2-5931-439a-b901-f07be8dad872"
    },
    "casanova": {
      "x": -171.02427761594558,
      "y": 66.90779718977033,
      "z": 5229.084720714567,
      "rotx": 22.049325942993164,
      "roty": 355.08935546875,
      "rotz": 0,
      "world": "fa9df8f4-6bbe-42a7-b26d-a3befddff91d"
    }
  },
  "powertools": {}
}