{
  "data_version": 2,
  "lastLogin": 1623281703467,
  "lastIP": "/177.34.89.199",
  "usedKits": {
    "inicial": 1621779082463,
    "start": 1621779172948,
    "pascoa": 1621783329575,
    "mstart": 1621783365036,
    "dstart": 1622303462489,
    "sstart": 1621783483546,
    "ajuda": 1621783612390,
    "m-lendk": 1621809933771,
    "d-lend": 1623196124322,
    "m-lend": 1621813549929,
    "s-lend": 1623084760139,
    "farm": 1621883890576,
    "comida": 1623279738590,
    "diario": 1621892905795,
    "ultra": 1622405895816,
    "casa": 1622833754969
  },
  "firstJoin": 1621779082452,
  "firstJoinProcessed": true,
  "vanish": false,
  "jailOnNextLogin": false,
  "lastKnownName": "Vibesz",
  "fly": true,
  "homes": {
    "infi": {
      "x": 9046.319206917837,
      "y": 71,
      "z": 6734.93941198849,
      "rotx": 32.46836471557617,
      "roty": -238.14703369140625,
      "rotz": 0,
      "world": "fa9df8f4-6bbe-42a7-b26d-a3befddff91d"
    },
    "kartana": {
      "x": -2416.371864740726,
      "y": 90,
      "z": -1126.903202558867,
      "rotx": 37.6622200012207,
      "roty": -246.8749542236328,
      "rotz": 0,
      "world": "c28925ca-19de-463e-a50c-875f2214c05e"
    },
    "tesouro": {
      "x": 2646.7143836456207,
      "y": 63.875,
      "z": 180.5484710804323,
      "rotx": 36.60000991821289,
      "roty": 35.387943267822266,
      "rotz": 0,
      "world": "fa9df8f4-6bbe-42a7-b26d-a3befddff91d"
    },
    "foongus": {
      "x": -1146.9954277057298,
      "y": 91,
      "z": 1568.635145525228,
      "rotx": 44.54999542236328,
      "roty": -282.424560546875,
      "rotz": 0,
      "world": "c28925ca-19de-463e-a50c-875f2214c05e"
    },
    "kartana2": {
      "x": -1946.3638685311098,
      "y": 93,
      "z": 1252.7283761339982,
      "rotx": 52.50006103515625,
      "roty": -86.71072387695312,
      "rotz": 0,
      "world": "c28925ca-19de-463e-a50c-875f2214c05e"
    },
    "rock": {
      "x": 178.24184286361563,
      "y": 105,
      "z": -5137.044923939839,
      "rotx": 66.7500991821289,
      "roty": -198.0102081298828,
      "rotz": 0,
      "world": "fa9df8f4-6bbe-42a7-b26d-a3befddff91d"
    },
    "farmca": {
      "x": -3887.206056360598,
      "y": 64,
      "z": 5166.240740114563,
      "rotx": 77.99992370605469,
      "roty": -152.229248046875,
      "rotz": 0,
      "world": "fa9df8f4-6bbe-42a7-b26d-a3befddff91d"
    },
    "agua": {
      "x": -1437.543222807369,
      "y": 64,
      "z": 4908.379246310436,
      "rotx": 65.9999008178711,
      "roty": 118.67066955566406,
      "rotz": 0,
      "world": "fa9df8f4-6bbe-42a7-b26d-a3befddff91d"
    },
    "terra": {
      "x": 3372.0764551774346,
      "y": 66,
      "z": 3253.717802066634,
      "rotx": 14.399959564208984,
      "roty": -164.07907104492188,
      "rotz": 0,
      "world": "91562b72-1b18-4910-8987-42f4c73c7d28"
    },
    "tesouro1": {
      "x": 0.16275444545758044,
      "y": 67,
      "z": 1.4287464004137784,
      "rotx": 90,
      "roty": -92.99725341796875,
      "rotz": 0,
      "world": "fa9df8f4-6bbe-42a7-b26d-a3befddff91d"
    },
    "ocean": {
      "x": -702.4417887212353,
      "y": 89,
      "z": 49.42351785402373,
      "rotx": 43.800048828125,
      "roty": 229.03961181640625,
      "rotz": 0,
      "world": "fa9df8f4-6bbe-42a7-b26d-a3befddff91d"
    },
    "areia": {
      "x": 2902.8374614574454,
      "y": 65,
      "z": 740.828060666215,
      "rotx": 41.700035095214844,
      "roty": -148.66070556640625,
      "rotz": 0,
      "world": "91562b72-1b18-4910-8987-42f4c73c7d28"
    },
    "flower": {
      "x": 2632.1730371373997,
      "y": 91,
      "z": 207.88864106614008,
      "rotx": 60.449954986572266,
      "roty": -61.0599365234375,
      "rotz": 0,
      "world": "c28925ca-19de-463e-a50c-875f2214c05e"
    },
    "casa": {
      "x": 8975.2288600034,
      "y": 63,
      "z": 6509.410304446675,
      "rotx": 50.55001449584961,
      "roty": -187.12088012695312,
      "rotz": 0,
      "world": "fa9df8f4-6bbe-42a7-b26d-a3befddff91d"
    },
    "esnakz": {
      "x": 8768.101420350058,
      "y": 105,
      "z": 6726.842909541722,
      "rotx": 64.34996795654297,
      "roty": -359.92645263671875,
      "rotz": 0,
      "world": "fa9df8f4-6bbe-42a7-b26d-a3befddff91d"
    },
    "home": {
      "x": 8978.520831503909,
      "y": 63,
      "z": 6499.75238558367,
      "rotx": 50.55001449584961,
      "roty": -187.12088012695312,
      "rotz": 0,
      "world": "fa9df8f4-6bbe-42a7-b26d-a3befddff91d"
    },
    "poipole": {
      "x": -963.1310907982596,
      "y": 90,
      "z": -1787.2932459104998,
      "rotx": 57.74990463256836,
      "roty": -88.80755615234375,
      "rotz": 0,
      "world": "c28925ca-19de-463e-a50c-875f2214c05e"
    },
    "phero": {
      "x": -396.41780358496266,
      "y": 89,
      "z": 1826.5887548922192,
      "rotx": 44.45515441894531,
      "roty": 294.8691711425781,
      "rotz": 0,
      "world": "c28925ca-19de-463e-a50c-875f2214c05e"
    }
  },
  "nickname-text": "{\"color\":\"blue\",\"text\":\"Vibesz\"}",
  "powertools": {}
}