{
  "data_version": 1,
  "s[pawn-rotation": {
    "rotx": -13.95001220703125,
    "roty": 179.08877563476562,
    "rotz": 0.0
  }
}