{
  "data_version": 2,
  "lastLogin": 1623955737756,
  "lastIP": "/177.32.62.84",
  "usedKits": {
    "inicial": 1621820482707,
    "start": 1621820565386,
    "diario": 1623276295570,
    "sstart": 1621821063363,
    "mstart": 1621821193022,
    "farm": 1623149404903,
    "ajuda": 1621824668053,
    "dstart": 1622421563685,
    "pascoa": 1621824675541,
    "smod": 1623876579907,
    "dmod": 1623878304413,
    "mmod": 1621824812565,
    "menu": 1621827827941,
    "comida": 1623266495852,
    "casa": 1623162040342,
    "ultra": 1622451796615,
    "raro": 1622799447464,
    "caixas": 1622623332301,
    "livros": 1622638623137
  },
  "firstJoin": 1621820482698,
  "firstJoinProcessed": true,
  "vanish": false,
  "jailOnNextLogin": false,
  "lastKnownName": "fgn147",
  "fly": true,
  "homes": {
    "kartana": {
      "x": 495.80365429543366,
      "y": 100,
      "z": 2492.3558817892863,
      "rotx": 45.599952697753906,
      "roty": 258.81817626953125,
      "rotz": 0,
      "world": "c28925ca-19de-463e-a50c-875f2214c05e"
    },
    "poi": {
      "x": 1878.300000011921,
      "y": 88,
      "z": 3884.392142996837,
      "rotx": 26.362773895263672,
      "roty": -44.56144714355469,
      "rotz": 0,
      "world": "c28925ca-19de-463e-a50c-875f2214c05e"
    },
    "junk": {
      "x": 7870.199999988079,
      "y": 64.5,
      "z": -3202.3688821483815,
      "rotx": 37.370765686035156,
      "roty": 72.9371337890625,
      "rotz": 0,
      "world": "fa9df8f4-6bbe-42a7-b26d-a3befddff91d"
    },
    "nora": {
      "x": -1491.3651549912715,
      "y": 150,
      "z": 4858.512119784504,
      "rotx": 24.231876373291016,
      "roty": 130.18199157714844,
      "rotz": 0,
      "world": "fa9df8f4-6bbe-42a7-b26d-a3befddff91d"
    },
    "ha": {
      "x": -1590.979477051349,
      "y": 200,
      "z": 8512.700383381542,
      "rotx": 20.052024841308594,
      "roty": 303.56451416015625,
      "rotz": 0,
      "world": "fa9df8f4-6bbe-42a7-b26d-a3befddff91d"
    },
    "bla": {
      "x": -3531.095000901698,
      "y": 94,
      "z": -2319.2584617661573,
      "rotx": 11.030369758605957,
      "roty": 226.6700439453125,
      "rotz": 0,
      "world": "c28925ca-19de-463e-a50c-875f2214c05e"
    },
    "vila": {
      "x": 7340.024045186425,
      "y": 67,
      "z": -890.9013352049521,
      "rotx": 21.784854888916016,
      "roty": 45,
      "rotz": 0,
      "world": "fa9df8f4-6bbe-42a7-b26d-a3befddff91d"
    },
    "seu": {
      "x": -1196.8925712062269,
      "y": 64,
      "z": 5935.285272221554,
      "rotx": 22.211822509765625,
      "roty": -34.15788650512695,
      "rotz": 0,
      "world": "fa9df8f4-6bbe-42a7-b26d-a3befddff91d"
    },
    "mesafm": {
      "x": -6853.805873047139,
      "y": 72,
      "z": 595.9246304518199,
      "rotx": 42.109642028808594,
      "roty": -147.53118896484375,
      "rotz": 0,
      "world": "fa9df8f4-6bbe-42a7-b26d-a3befddff91d"
    },
    "enzo": {
      "x": 9035.146427217202,
      "y": 85,
      "z": 6738.332892516167,
      "rotx": 30.062381744384766,
      "roty": 257.7947692871094,
      "rotz": 0,
      "world": "fa9df8f4-6bbe-42a7-b26d-a3befddff91d"
    },
    "vib": {
      "x": -6337.721998910745,
      "y": 100,
      "z": 4409.694838860766,
      "rotx": 16.737730026245117,
      "roty": 278.23773193359375,
      "rotz": 0,
      "world": "fa9df8f4-6bbe-42a7-b26d-a3befddff91d"
    },
    "rafa": {
      "x": -6517.254849226307,
      "y": 63,
      "z": -3995.728321895087,
      "rotx": 18.51473045349121,
      "roty": 32.058868408203125,
      "rotz": 0,
      "world": "fa9df8f4-6bbe-42a7-b26d-a3befddff91d"
    },
    "jungle": {
      "x": 8143.9330469628185,
      "y": 99,
      "z": -4051.4943390279673,
      "rotx": 57.97660446166992,
      "roty": 341.396728515625,
      "rotz": 0,
      "world": "fa9df8f4-6bbe-42a7-b26d-a3befddff91d"
    },
    "casa": {
      "x": 7823.558479514492,
      "y": 94,
      "z": -3142.2676891433134,
      "rotx": 17.74220085144043,
      "roty": -358.81414794921875,
      "rotz": 0,
      "world": "fa9df8f4-6bbe-42a7-b26d-a3befddff91d"
    },
    "mug": {
      "x": 7551.111339987342,
      "y": 217,
      "z": -3878.489109107038,
      "rotx": 10.008565902709961,
      "roty": 147.82391357421875,
      "rotz": 0,
      "world": "fa9df8f4-6bbe-42a7-b26d-a3befddff91d"
    },
    "home": {
      "x": 7603.461494314716,
      "y": 203,
      "z": -4040.485236146712,
      "rotx": 90,
      "roty": 0.563018798828125,
      "rotz": 0,
      "world": "fa9df8f4-6bbe-42a7-b26d-a3befddff91d"
    },
    "chaps": {
      "x": -2841.495065378899,
      "y": 72,
      "z": -8463.363532029329,
      "rotx": 21.671674728393555,
      "roty": 193.14743041992188,
      "rotz": 0,
      "world": "fa9df8f4-6bbe-42a7-b26d-a3befddff91d"
    },
    "farm": {
      "x": 7723.846004708459,
      "y": 64,
      "z": -3334.16985120796,
      "rotx": 23.204381942749023,
      "roty": 171.98004150390625,
      "rotz": 0,
      "world": "fa9df8f4-6bbe-42a7-b26d-a3befddff91d"
    },
    "savana": {
      "x": 7895.227773176882,
      "y": 215,
      "z": -2950.0748063085393,
      "rotx": 5.662306308746338,
      "roty": 19.07311248779297,
      "rotz": 0,
      "world": "fa9df8f4-6bbe-42a7-b26d-a3befddff91d"
    }
  },
  "nickname-text": "{\"color\":\"dark_gray\",\"text\":\"fgn147\"}",
  "powertools": {}
}