{
  "data_version": 2,
  "lastLogin": 1622593406281,
  "lastIP": "/179.158.106.248",
  "usedKits": {
    "inicial": 1621736731089,
    "start": 1621737090533,
    "pascoa": 1621737097212,
    "sstart": 1621739612104,
    "mstart": 1621739631606,
    "dstart": 1622306218698,
    "comida": 1621740022792,
    "d-lend": 1622593505700,
    "s-lend": 1622593431329,
    "m-lendk": 1621740884338,
    "m-lend": 1621740903933,
    "diario": 1622306513396,
    "casa": 1621820034139
  },
  "firstJoin": 1621736730953,
  "firstJoinProcessed": true,
  "vanish": false,
  "jailOnNextLogin": false,
  "lastKnownName": "mathz1n",
  "fly": true,
  "homes": {
    "minerar": {
      "x": 2908.5,
      "y": 75,
      "z": 4547.5,
      "rotx": 20.86530876159668,
      "roty": 111.85232543945312,
      "rotz": 0,
      "world": "91562b72-1b18-4910-8987-42f4c73c7d28"
    },
    "home": {
      "x": -4572.025848258524,
      "y": 114,
      "z": 6278.174887388114,
      "rotx": 41.85002899169922,
      "roty": -170.1832733154297,
      "rotz": 0,
      "world": "fa9df8f4-6bbe-42a7-b26d-a3befddff91d"
    },
    "ultrapantano": {
      "x": -503.9057797855285,
      "y": 94,
      "z": 1009.7704993720137,
      "rotx": 49.722740173339844,
      "roty": -353.28765869140625,
      "rotz": 0,
      "world": "c28925ca-19de-463e-a50c-875f2214c05e"
    },
    "ultrajungl": {
      "x": 3728.1756160960686,
      "y": 95,
      "z": 843.6564524430227,
      "rotx": 19.608089447021484,
      "roty": 348.75811767578125,
      "rotz": 0,
      "world": "c28925ca-19de-463e-a50c-875f2214c05e"
    }
  },
  "powertools": {}
}