{
  "data_version": 2,
  "lastLogin": 1622514890612,
  "lastIP": "/200.217.205.200",
  "usedKits": {
    "inicial": 1621736754792,
    "start": 1621737094381,
    "dstart": 1622162055440,
    "diario": 1622156598004,
    "sstart": 1621737681824,
    "mstart": 1621737779907,
    "pascoa": 1621737952762,
    "ajuda": 1621737984712,
    "dmod": 1622251372300,
    "smod": 1621740084395,
    "mmod": 1621740206164,
    "casa": 1622154620518,
    "farm": 1621823709694,
    "raro": 1622220473694,
    "comida": 1621993824594,
    "ultra": 1622054736095,
    "caixas": 1622161833974
  },
  "firstJoin": 1621736754785,
  "firstJoinProcessed": true,
  "vanish": false,
  "jailOnNextLogin": false,
  "lastKnownName": "Noragami",
  "fly": false,
  "homes": {
    "birch": {
      "x": -1091.097466307483,
      "y": 95,
      "z": 5066.313727026314,
      "rotx": 36.36885452270508,
      "roty": 58.366539001464844,
      "rotz": 0,
      "world": "fa9df8f4-6bbe-42a7-b26d-a3befddff91d"
    },
    "terra": {
      "x": 392.2469050267035,
      "y": 70,
      "z": -246.9802245898205,
      "rotx": 22.441917419433594,
      "roty": 259.5942077636719,
      "rotz": 0,
      "world": "91562b72-1b18-4910-8987-42f4c73c7d28"
    },
    "tera": {
      "x": -2066.97171396826,
      "y": 70,
      "z": -1346.2028678477461,
      "rotx": 21.745933532714844,
      "roty": -281.0133056640625,
      "rotz": 0,
      "world": "91562b72-1b18-4910-8987-42f4c73c7d28"
    },
    "popole": {
      "x": 1855.5889471775179,
      "y": 95,
      "z": 3840.8003138689296,
      "rotx": 39.69704818725586,
      "roty": -176.4268341064453,
      "rotz": 0,
      "world": "c28925ca-19de-463e-a50c-875f2214c05e"
    },
    "pheromossa": {
      "x": 3888.3438544003097,
      "y": 91,
      "z": 2964.9557961271767,
      "rotx": 25.80536460876465,
      "roty": -161.82025146484375,
      "rotz": 0,
      "world": "c28925ca-19de-463e-a50c-875f2214c05e"
    },
    "kartana": {
      "x": -4504.699999988079,
      "y": 87,
      "z": -2616.699999988079,
      "rotx": 21.384281158447266,
      "roty": 143.95806884765625,
      "rotz": 0,
      "world": "c28925ca-19de-463e-a50c-875f2214c05e"
    },
    "jirachi": {
      "x": -2022.4256978262301,
      "y": 90,
      "z": 57.51129433534331,
      "rotx": 12.952296257019043,
      "roty": 317.4254150390625,
      "rotz": 0,
      "world": "fa9df8f4-6bbe-42a7-b26d-a3befddff91d"
    },
    "oceano": {
      "x": -1577.0525187055587,
      "y": 200,
      "z": 8500.042049445474,
      "rotx": 40.9019660949707,
      "roty": 96.16195678710938,
      "rotz": 0,
      "world": "fa9df8f4-6bbe-42a7-b26d-a3befddff91d"
    },
    "jungle": {
      "x": -2367.4732316046034,
      "y": 73.36892614569986,
      "z": 3465.300000011921,
      "rotx": 29.934377670288086,
      "roty": 160.32391357421875,
      "rotz": 0,
      "world": "fa9df8f4-6bbe-42a7-b26d-a3befddff91d"
    },
    "flowerforest": {
      "x": 5786.424596067152,
      "y": 104,
      "z": 8805.10364952709,
      "rotx": 57.87705993652344,
      "roty": 95.60716247558594,
      "rotz": 0,
      "world": "fa9df8f4-6bbe-42a7-b26d-a3befddff91d"
    },
    "kyurem": {
      "x": 6324.635371091346,
      "y": 85,
      "z": 9810.96887253611,
      "rotx": 33.555503845214844,
      "roty": 260.96923828125,
      "rotz": 0,
      "world": "fa9df8f4-6bbe-42a7-b26d-a3befddff91d"
    },
    "spawner": {
      "x": -4348.654428190596,
      "y": 44,
      "z": -1272.6983932574499,
      "rotx": 18.932449340820312,
      "roty": -256.82623291015625,
      "rotz": 0,
      "world": "fa9df8f4-6bbe-42a7-b26d-a3befddff91d"
    },
    "desertosavanna": {
      "x": -6950.360800327306,
      "y": 65,
      "z": -6067.206184799605,
      "rotx": 28.38637351989746,
      "roty": -104.15506744384766,
      "rotz": 0,
      "world": "fa9df8f4-6bbe-42a7-b26d-a3befddff91d"
    },
    "casa": {
      "x": -1462.352744743162,
      "y": 150,
      "z": 4894.73560372424,
      "rotx": 16.189281463623047,
      "roty": 268.07574462890625,
      "rotz": 0,
      "world": "fa9df8f4-6bbe-42a7-b26d-a3befddff91d"
    },
    "areia": {
      "x": 1760.5723929802557,
      "y": 68,
      "z": -4785.666196809186,
      "rotx": 13.410931587219238,
      "roty": 272.4644470214844,
      "rotz": 0,
      "world": "91562b72-1b18-4910-8987-42f4c73c7d28"
    },
    "taiga": {
      "x": -2052.5121525414243,
      "y": 68,
      "z": 5036.346815379181,
      "rotx": 33.701751708984375,
      "roty": 43.32272720336914,
      "rotz": 0,
      "world": "fa9df8f4-6bbe-42a7-b26d-a3befddff91d"
    },
    "dynamax": {
      "x": 7351.973458114426,
      "y": 68,
      "z": -902.5758026628673,
      "rotx": 6.73134183883667,
      "roty": 74.71475219726562,
      "rotz": 0,
      "world": "fa9df8f4-6bbe-42a7-b26d-a3befddff91d"
    },
    "npcs": {
      "x": 857.1027625699944,
      "y": 64,
      "z": 8432.342026999971,
      "rotx": 24.844867706298828,
      "roty": 215.38140869140625,
      "rotz": 0,
      "world": "fa9df8f4-6bbe-42a7-b26d-a3befddff91d"
    },
    "ce": {
      "x": 3935.609884904812,
      "y": 90.9375,
      "z": 2654.9825054685393,
      "rotx": 35.895137786865234,
      "roty": -3.3078951835632324,
      "rotz": 0,
      "world": "c28925ca-19de-463e-a50c-875f2214c05e"
    }
  },
  "nickname-text": "{\"extra\":[{\"color\":\"red\",\"text\":\"Su\"},{\"color\":\"gold\",\"text\":\"pe\"},{\"color\":\"yellow\",\"text\":\"rN\"},{\"color\":\"green\",\"text\":\"or\"},{\"color\":\"aqua\",\"text\":\"ag\"},{\"color\":\"blue\",\"text\":\"am\"},{\"color\":\"dark_purple\",\"text\":\"i_\"}],\"text\":\"\"}",
  "powertools": {}
}