{
  "data_version": 2,
  "lastLogin": 1623066216407,
  "lastIP": "/138.117.116.246",
  "usedKits": {
    "inicial": 1621825899609,
    "start": 1621826322910,
    "mstart": 1621826329203,
    "sstart": 1621826627216,
    "dstart": 1622312762050,
    "ajuda": 1621826706843,
    "diario": 1622838300831,
    "casa": 1621826791740,
    "farm": 1621826810145,
    "pascoa": 1622838442782
  },
  "firstJoin": 1621825899600,
  "firstJoinProcessed": true,
  "vanish": false,
  "jailOnNextLogin": false,
  "lastKnownName": "Maskiz",
  "homes": {
    "base": {
      "x": 1455.699999988079,
      "y": 66,
      "z": 4781.42444439172,
      "rotx": 55.764442443847656,
      "roty": -133.16746520996094,
      "rotz": 0,
      "world": "fa9df8f4-6bbe-42a7-b26d-a3befddff91d"
    },
    "rafa": {
      "x": -8835.699999988079,
      "y": 53,
      "z": -5899.851190569006,
      "rotx": 11.296808242797852,
      "roty": -176.80960083007812,
      "rotz": 0,
      "world": "fa9df8f4-6bbe-42a7-b26d-a3befddff91d"
    },
    "gelo": {
      "x": -3958.124439505323,
      "y": 63,
      "z": 2776.03689488745,
      "rotx": 19.587406158447266,
      "roty": -343.2254638671875,
      "rotz": 0,
      "world": "91562b72-1b18-4910-8987-42f4c73c7d28"
    },
    "cacto": {
      "x": -6317.300000011921,
      "y": 50,
      "z": 4457.699999988079,
      "rotx": 70.44278717041016,
      "roty": -347.4009704589844,
      "rotz": 0,
      "world": "fa9df8f4-6bbe-42a7-b26d-a3befddff91d"
    },
    "layon": {
      "x": -9602.196314653336,
      "y": 72,
      "z": -4841.959855644197,
      "rotx": 30.263334274291992,
      "roty": 118.00286865234375,
      "rotz": 0,
      "world": "fa9df8f4-6bbe-42a7-b26d-a3befddff91d"
    }
  },
  "fly": false,
  "powertools": {}
}