{
  "data_version": 2,
  "lastLogin": 1623975318988,
  "lastIP": "/201.131.25.168",
  "vanish": false,
  "usedKits": {
    "inicial": 1622485233847,
    "start": 1622487819879,
    "comida": 1622506531445,
    "farm": 1623974214560,
    "diario": 1623974242211,
    "ajuda": 1622658485814,
    "dstart": 1622852813669,
    "sstart": 1622658601381,
    "mstart": 1622658636485,
    "casa": 1623320933238,
    "livros": 1623251865729
  },
  "firstJoin": 1622485233837,
  "firstJoinProcessed": true,
  "jailOnNextLogin": false,
  "lastKnownName": "Pedr0tBR_",
  "fly": false,
  "homes": {
    "jungle": {
      "x": -2170.542466567614,
      "y": 125.5,
      "z": 3148.186516369309,
      "rotx": 14.930227279663086,
      "roty": -358.7236328125,
      "rotz": 0,
      "world": "fa9df8f4-6bbe-42a7-b26d-a3befddff91d"
    },
    "amigos": {
      "x": -5866.318105462088,
      "y": 69,
      "z": 1559.8369587354437,
      "rotx": 3.8152031898498535,
      "roty": -36.136070251464844,
      "rotz": 0,
      "world": "fa9df8f4-6bbe-42a7-b26d-a3befddff91d"
    },
    "amigoextremo": {
      "x": -1501.6723832356217,
      "y": 74,
      "z": 9656.9010940925,
      "rotx": 18.749984741210938,
      "roty": -216.2684326171875,
      "rotz": 0,
      "world": "fa9df8f4-6bbe-42a7-b26d-a3befddff91d"
    },
    "home": {
      "x": 8181.086420207521,
      "y": 69,
      "z": -145.540456045482,
      "rotx": -5.700016975402832,
      "roty": -2.820734739303589,
      "rotz": 0,
      "world": "fa9df8f4-6bbe-42a7-b26d-a3befddff91d"
    },
    "eeve": {
      "x": 1790.7094278990676,
      "y": 70,
      "z": -195.47416964915337,
      "rotx": 10.05012321472168,
      "roty": 278.8743896484375,
      "rotz": 0,
      "world": "fa9df8f4-6bbe-42a7-b26d-a3befddff91d"
    }
  },
  "powertools": {}
}