{
  "data_version": 2,
  "lastLogin": 1623162262632,
  "lastIP": "/168.181.50.163",
  "vanish": false,
  "usedKits": {
    "inicial": 1622920125111,
    "start": 1622920458542,
    "mstart": 1622920463808,
    "sstart": 1622920668342,
    "dstart": 1623162395073,
    "casa": 1622920796831,
    "ajuda": 1622920817988,
    "diario": 1623162485595,
    "farm": 1622920851590,
    "caixas": 1622928898937
  },
  "firstJoin": 1622920125103,
  "firstJoinProcessed": true,
  "jailOnNextLogin": false,
  "lastKnownName": "Raykow",
  "fly": false,
  "homes": {
    "casa": {
      "x": -6928.777239207628,
      "y": 69,
      "z": -5115.646710439699,
      "rotx": 41.700138092041016,
      "roty": 219.4307861328125,
      "rotz": 0,
      "world": "fa9df8f4-6bbe-42a7-b26d-a3befddff91d"
    },
    "hachiko": {
      "x": -9994.930021376575,
      "y": 64,
      "z": 9947.246643343762,
      "rotx": 15.299976348876953,
      "roty": -250.21353149414062,
      "rotz": 0,
      "world": "fa9df8f4-6bbe-42a7-b26d-a3befddff91d"
    },
    "casa2": {
      "x": 6312.174316986031,
      "y": 73,
      "z": -7592.879353273867,
      "rotx": 32.400150299072266,
      "roty": 359.68115234375,
      "rotz": 0,
      "world": "fa9df8f4-6bbe-42a7-b26d-a3befddff91d"
    },
    "ultra": {
      "x": -4647.081332104146,
      "y": 92,
      "z": -1881.5495907119714,
      "rotx": 30.14986801147461,
      "roty": 348.431396484375,
      "rotz": 0,
      "world": "c28925ca-19de-463e-a50c-875f2214c05e"
    }
  },
  "powertools": {}
}