{
  "data_version": 2,
  "lastLogin": 1623956922707,
  "lastIP": "/187.19.200.162",
  "vanish": false,
  "usedKits": {
    "inicial": 1621799029270,
    "ajuda": 1621799495801,
    "diario": 1623025912712,
    "farm": 1621799524275,
    "casa": 1623957385633,
    "start": 1621800355668,
    "dstart": 1622325690600,
    "sstart": 1621800381483,
    "mstart": 1621800383454,
    "caixas": 1623962644929,
    "d-shiny": 1623943504226,
    "s-shiny": 1623943720384,
    "m-shiny": 1622047909329,
    "d-mega": 1623943503280,
    "m-megak": 1622128455113,
    "pascoa": 1622128479147,
    "s-mega": 1623943505177,
    "m-mega": 1622128728812,
    "livros": 1622130650688,
    "comida": 1622743900349,
    "raro": 1623028085465,
    "ultra": 1622472905696
  },
  "firstJoin": 1621799029115,
  "firstJoinProcessed": true,
  "jailOnNextLogin": false,
  "lastKnownName": "HellDragon",
  "fly": true,
  "homes": {
    "c1": {
      "x": 609.3580642198431,
      "y": 63.875,
      "z": 578.3501092748402,
      "rotx": 28.500179290771484,
      "roty": 104.83462524414062,
      "rotz": 0.0,
      "world": "fa9df8f4-6bbe-42a7-b26d-a3befddff91d"
    },
    "c2": {
      "x": 4256.237654691936,
      "y": 190.0,
      "z": -6374.473577759311,
      "rotx": 26.328041076660156,
      "roty": -78.61180114746094,
      "rotz": 0.0,
      "world": "fa9df8f4-6bbe-42a7-b26d-a3befddff91d"
    },
    "m2": {
      "x": 6401.517723467369,
      "y": 63.0,
      "z": -2294.7800755834887,
      "rotx": 13.649971008300781,
      "roty": 353.8385009765625,
      "rotz": 0.0,
      "world": "fa9df8f4-6bbe-42a7-b26d-a3befddff91d"
    },
    "mar": {
      "x": 5865.318957121437,
      "y": 75.0,
      "z": 5197.9235755168,
      "rotx": 31.200010299682617,
      "roty": 45.46417236328125,
      "rotz": 0.0,
      "world": "fa9df8f4-6bbe-42a7-b26d-a3befddff91d"
    },
    "deserto": {
      "x": -2948.8469179080985,
      "y": 64.0,
      "z": 1640.11393267212,
      "rotx": 25.350019454956055,
      "roty": 266.3836975097656,
      "rotz": 0.0,
      "world": "91562b72-1b18-4910-8987-42f4c73c7d28"
    },
    "t1": {
      "x": 208.35758991546382,
      "y": 96.0,
      "z": -384.78952102192517,
      "rotx": 19.500179290771484,
      "roty": 313.7845764160156,
      "rotz": 0.0,
      "world": "fa9df8f4-6bbe-42a7-b26d-a3befddff91d"
    },
    "c7": {
      "x": -4348.059060843872,
      "y": 81.0,
      "z": 1528.7177402225304,
      "rotx": 29.728174209594727,
      "roty": -15.408447265625,
      "rotz": 0.0,
      "world": "c28925ca-19de-463e-a50c-875f2214c05e"
    },
    "home": {
      "x": -2906.5410003961174,
      "y": 74.0,
      "z": -847.0096400465725,
      "rotx": 25.128067016601562,
      "roty": -155.56173706054688,
      "rotz": 0.0,
      "world": "fa9df8f4-6bbe-42a7-b26d-a3befddff91d"
    },
    "t3": {
      "x": -693.8457243777369,
      "y": 71.0,
      "z": 815.9437955251583,
      "rotx": 11.249979972839355,
      "roty": 120.58476257324219,
      "rotz": 0.0,
      "world": "fa9df8f4-6bbe-42a7-b26d-a3befddff91d"
    },
    "mineracao": {
      "x": -2207.4618067691763,
      "y": 49.0,
      "z": 891.1351519569712,
      "rotx": 48.74983596801758,
      "roty": -83.39422607421875,
      "rotz": 0.0,
      "world": "91562b72-1b18-4910-8987-42f4c73c7d28"
    },
    "c91": {
      "x": -1988.06804061312,
      "y": 31.0,
      "z": -3161.4709820520843,
      "rotx": 37.80000686645508,
      "roty": 297.6056823730469,
      "rotz": 0.0,
      "world": "91562b72-1b18-4910-8987-42f4c73c7d28"
    },
    "t4": {
      "x": -154.03874634949514,
      "y": 68.0,
      "z": -373.4922552900786,
      "rotx": 14.100001335144043,
      "roty": 300.2851867675781,
      "rotz": 0.0,
      "world": "fa9df8f4-6bbe-42a7-b26d-a3befddff91d"
    },
    "c5": {
      "x": -2460.4496332875324,
      "y": 63.875,
      "z": 718.0420192857744,
      "rotx": 63.149993896484375,
      "roty": 140.23434448242188,
      "rotz": 0.0,
      "world": "fa9df8f4-6bbe-42a7-b26d-a3befddff91d"
    },
    "c9": {
      "x": 2286.061026363842,
      "y": 88.0,
      "z": -3776.5630073199704,
      "rotx": 32.699806213378906,
      "roty": 263.8927001953125,
      "rotz": 0.0,
      "world": "c28925ca-19de-463e-a50c-875f2214c05e"
    },
    "c10": {
      "x": 1740.7825729799154,
      "y": 142.0,
      "z": -6663.982651719031,
      "rotx": 25.742084503173828,
      "roty": -192.74346923828125,
      "rotz": 0.0,
      "world": "fa9df8f4-6bbe-42a7-b26d-a3befddff91d"
    }
  },
  "nickname-text": "{\"extra\":[{\"color\":\"dark_red\",\"text\":\"Hell\"},{\"color\":\"gold\",\"text\":\"Dragon\"}],\"text\":\"\"}",
  "ignoreList": [
    "c924cccc-c1df-35bd-a5e5-747661abbbd9"
  ],
  "powertools": {}
}