{
  "data_version": 2,
  "lastLogin": 1621984214952,
  "lastIP": "/189.101.133.105",
  "usedKits": {
    "inicial": 1621733643161,
    "start": 1621734257996,
    "dstart": 1621968391220,
    "sstart": 1621745947348,
    "mstart": 1621745948456,
    "diario": 1621968380483,
    "casa": 1621747663326,
    "farm": 1621747677478,
    "ajuda": 1621747765304,
    "pascoa": 1621942998297,
    "menu": 1621975544257
  },
  "firstJoin": 1621733643016,
  "firstJoinProcessed": true,
  "vanish": false,
  "jailOnNextLogin": false,
  "fly": true,
  "lastKnownName": "telesi12",
  "homes": {
    "home": {
      "x": -6565.715311933543,
      "y": 65.0,
      "z": 7794.081685682973,
      "rotx": 31.049726486206055,
      "roty": 77.43390655517578,
      "rotz": 0.0,
      "world": "fa9df8f4-6bbe-42a7-b26d-a3befddff91d"
    },
    "birch": {
      "x": -3594.2050022032026,
      "y": 80.0,
      "z": 6514.330751199508,
      "rotx": 90.0,
      "roty": 313.8433532714844,
      "rotz": 0.0,
      "world": "fa9df8f4-6bbe-42a7-b26d-a3befddff91d"
    },
    "extremehills": {
      "x": -2739.4913930751513,
      "y": 94.0,
      "z": -1092.2347872039752,
      "rotx": 27.299821853637695,
      "roty": -121.31640625,
      "rotz": 0.0,
      "world": "91562b72-1b18-4910-8987-42f4c73c7d28"
    },
    "darkrai": {
      "x": 1558.3692929887961,
      "y": 80.0,
      "z": -4718.301253233331,
      "rotx": 9.599971771240234,
      "roty": 139.23179626464844,
      "rotz": 0.0,
      "world": "fa9df8f4-6bbe-42a7-b26d-a3befddff91d"
    }
  },
  "powertools": {}
}