{
  "data_version": 2,
  "lastLogin": 1622053283950,
  "lastIP": "/191.183.104.152",
  "usedKits": {
    "inicial": 1622041005812,
    "start": 1622041727354,
    "ajuda": 1622041760271,
    "diario": 1622041977701,
    "farm": 1622043262167,
    "menu": 1622043573129,
    "livros": 1622053419669,
    "pascoa": 1622043584865,
    "mstart": 1622043690275,
    "dstart": 1622044043626,
    "comida": 1622053427867,
    "sstart": 1622044122953,
    "casa": 1622044196852
  },
  "firstJoin": 1622041005807,
  "firstJoinProcessed": true,
  "vanish": false,
  "jailOnNextLogin": false,
  "lastKnownName": "HUGO22",
  "fly": true,
  "homes": {
    "home": {
      "x": 4996.592689146701,
      "y": 64,
      "z": 9332.919487253614,
      "rotx": 53.09999084472656,
      "roty": 151.79672241210938,
      "rotz": 0,
      "world": "fa9df8f4-6bbe-42a7-b26d-a3befddff91d"
    }
  },
  "powertools": {}
}