{
  "data_version": 2,
  "lastLogin": 1622342849437,
  "lastIP": "/179.215.104.89",
  "usedKits": {
    "inicial": 1621973779247,
    "pascoa": 1621974979091,
    "comida": 1621975951817,
    "casa": 1622345325881,
    "diario": 1622229523910,
    "start": 1621976032307,
    "dstart": 1622342650309,
    "sstart": 1621976307515,
    "mstart": 1621976348426,
    "caixas": 1622109890901,
    "farm": 1622038632292,
    "raro": 1622230134767
  },
  "firstJoin": 1621973779237,
  "firstJoinProcessed": true,
  "vanish": false,
  "jailOnNextLogin": false,
  "lastKnownName": "Bonnie57",
  "fly": true,
  "homes": {
    "home": {
      "x": -5138.785114110827,
      "y": 123.0,
      "z": 1645.023537715086,
      "rotx": 3.6703076362609863,
      "roty": -105.477294921875,
      "rotz": 0.0,
      "world": "fa9df8f4-6bbe-42a7-b26d-a3befddff91d"
    },
    "sadert": {
      "x": -1235.1470323504627,
      "y": 70.0,
      "z": 672.2887463775461,
      "rotx": 67.95001220703125,
      "roty": -296.65557861328125,
      "rotz": 0.0,
      "world": "fa9df8f4-6bbe-42a7-b26d-a3befddff91d"
    },
    "fgn": {
      "x": 30.584519626859738,
      "y": 66.0,
      "z": 429.42002948420884,
      "rotx": 21.688547134399414,
      "roty": -278.51776123046875,
      "rotz": 0.0,
      "world": "fa9df8f4-6bbe-42a7-b26d-a3befddff91d"
    },
    "hills": {
      "x": -1772.1793708356554,
      "y": 85.0,
      "z": -3335.07142270848,
      "rotx": 19.750946044921875,
      "roty": -14.602020263671875,
      "rotz": 0.0,
      "world": "fa9df8f4-6bbe-42a7-b26d-a3befddff91d"
    },
    "birch": {
      "x": -3362.8518739627866,
      "y": 70.0,
      "z": 5940.12212036526,
      "rotx": 19.440153121948242,
      "roty": -6.011474609375,
      "rotz": 0.0,
      "world": "fa9df8f4-6bbe-42a7-b26d-a3befddff91d"
    }
  },
  "powertools": {}
}