{
  "data_version": 2,
  "lastLogin": 1622735958560,
  "lastIP": "/189.101.137.150",
  "usedKits": {
    "inicial": 1621749685718,
    "farm": 1621750176490,
    "diario": 1621750583608,
    "casa": 1621832141259,
    "ajuda": 1621751207856,
    "pascoa": 1621780334530,
    "start": 1621782119934,
    "dstart": 1621782977479,
    "sstart": 1621783074569,
    "mstart": 1621783162118,
    "caixas": 1621811375948,
    "raro": 1622258934256
  },
  "firstJoin": 1621749685707,
  "firstJoinProcessed": true,
  "vanish": false,
  "jailOnNextLogin": false,
  "lastKnownName": "lukinhaa_015",
  "fly": false,
  "homes": {
    "home": {
      "x": 8310.424425954665,
      "y": 64.0,
      "z": -3208.0730022268685,
      "rotx": 29.70006561279297,
      "roty": -91.3583984375,
      "rotz": 0.0,
      "world": "fa9df8f4-6bbe-42a7-b26d-a3befddff91d"
    },
    "kaneki": {
      "x": -4546.94990894874,
      "y": 67.0,
      "z": -142.19627694912734,
      "rotx": 40.94959259033203,
      "roty": 284.8328552246094,
      "rotz": 0.0,
      "world": "fa9df8f4-6bbe-42a7-b26d-a3befddff91d"
    },
    "tesouro": {
      "x": 1.3337182319949956,
      "y": 67.0,
      "z": 0.3068921622020561,
      "rotx": 13.451107025146484,
      "roty": -13.230691909790039,
      "rotz": 0.0,
      "world": "fa9df8f4-6bbe-42a7-b26d-a3befddff91d"
    },
    "casa": {
      "x": -769.0258715172993,
      "y": 98.36246760521303,
      "z": 4125.579204122411,
      "rotx": -6.498894214630127,
      "roty": 2.519294500350952,
      "rotz": 0.0,
      "world": "fa9df8f4-6bbe-42a7-b26d-a3befddff91d"
    },
    "desmond": {
      "x": 2294.0435705747377,
      "y": 67.0,
      "z": -6431.680878820525,
      "rotx": 12.615724563598633,
      "roty": 220.23382568359375,
      "rotz": 0.0,
      "world": "fa9df8f4-6bbe-42a7-b26d-a3befddff91d"
    }
  },
  "powertools": {}
}