{
  "data_version": 2,
  "lastLogin": 1622506106856,
  "lastIP": "/73.182.195.236",
  "usedKits": {
    "inicial": 1621738156234,
    "start": 1621738211018,
    "mstart": 1621738219463,
    "sstart": 1621738454769,
    "m-lendk": 1621738490928,
    "s-lend": 1622476360295,
    "pascoa": 1621738828564,
    "casa": 1622504937179,
    "m-lend": 1621738987285,
    "d-lend": 1622476392034,
    "comida": 1622488513545,
    "dstart": 1622311095949
  },
  "firstJoin": 1621738156228,
  "firstJoinProcessed": true,
  "vanish": false,
  "jailOnNextLogin": false,
  "lastKnownName": "Finiish_",
  "fly": true,
  "homes": {
    "base": {
      "x": 9999.622223541886,
      "y": 90.0,
      "z": 9997.724170980426,
      "rotx": 9.22057056427002,
      "roty": 309.5579528808594,
      "rotz": 0.0,
      "world": "fa9df8f4-6bbe-42a7-b26d-a3befddff91d"
    },
    "vibes": {
      "x": 9052.663998054852,
      "y": 85.0,
      "z": 6741.890217501156,
      "rotx": 4.896048069000244,
      "roty": -146.95065307617188,
      "rotz": 0.0,
      "world": "fa9df8f4-6bbe-42a7-b26d-a3befddff91d"
    },
    "mugi": {
      "x": 8973.860236423237,
      "y": 69.0,
      "z": 6503.6894267650605,
      "rotx": 72.70466613769531,
      "roty": -125.6340103149414,
      "rotz": 0.0,
      "world": "fa9df8f4-6bbe-42a7-b26d-a3befddff91d"
    },
    "casa": {
      "x": 8500.168217298917,
      "y": 217.0,
      "z": 7211.289877697963,
      "rotx": 53.80342483520508,
      "roty": -104.61328125,
      "rotz": 0.0,
      "world": "fa9df8f4-6bbe-42a7-b26d-a3befddff91d"
    },
    "terra": {
      "x": 1959.003562283618,
      "y": 61.0,
      "z": 1815.823040217107,
      "rotx": 12.5159912109375,
      "roty": -268.01141357421875,
      "rotz": 0.0,
      "world": "91562b72-1b18-4910-8987-42f4c73c7d28"
    }
  },
  "nickname-text": "{\"color\":\"gold\",\"text\":\"Finiish\"}",
  "powertools": {}
}