{
  "data_version": 2,
  "lastLogin": 1623981558219,
  "lastIP": "/177.8.255.96",
  "usedKits": {
    "inicial": 1623291797702,
    "start": 1623291875031,
    "dstart": 1623877573167,
    "sstart": 1623292246470,
    "mstart": 1623292248268,
    "diario": 1623987544497,
    "ajuda": 1623292658045,
    "farm": 1623898973002
  },
  "firstJoin": 1623291797697,
  "firstJoinProcessed": true,
  "vanish": false,
  "jailOnNextLogin": false,
  "lastKnownName": "wolfswal",
  "homes": {
    "casa": {
      "x": 6770.847355449779,
      "y": 69,
      "z": 7710.629650489067,
      "rotx": 63.149967193603516,
      "roty": 160.18780517578125,
      "rotz": 0,
      "world": "fa9df8f4-6bbe-42a7-b26d-a3befddff91d"
    },
    "mano": {
      "x": 8185.260401537054,
      "y": 69,
      "z": -139.79526549107925,
      "rotx": 49.94997787475586,
      "roty": -222.788330078125,
      "rotz": 0,
      "world": "fa9df8f4-6bbe-42a7-b26d-a3befddff91d"
    },
    "floresta": {
      "x": -1317.7015906667352,
      "y": 66,
      "z": 3863.9068164913624,
      "rotx": 10.786248207092285,
      "roty": -237.4097900390625,
      "rotz": 0,
      "world": "fa9df8f4-6bbe-42a7-b26d-a3befddff91d"
    },
    "gelo": {
      "x": -7660.311406678235,
      "y": 71,
      "z": 1932.297931625829,
      "rotx": 19.608243942260742,
      "roty": 68.32501220703125,
      "rotz": 0,
      "world": "fa9df8f4-6bbe-42a7-b26d-a3befddff91d"
    },
    "florest": {
      "x": -4112.300000011921,
      "y": 109,
      "z": 3797.4028592577192,
      "rotx": 32.70002365112305,
      "roty": 325.7848815917969,
      "rotz": 0,
      "world": "c28925ca-19de-463e-a50c-875f2214c05e"
    }
  },
  "fly": false
}