{
  "data_version": 2,
  "lastLogin": 1623107983527,
  "lastIP": "/201.33.249.128",
  "vanish": false,
  "usedKits": {
    "inicial": 1622740090925,
    "diario": 1623108127892,
    "farm": 1622925744376,
    "pascoa": 1622745139905,
    "start": 1622745145212,
    "menu": 1622745153258,
    "casa": 1622745159868,
    "livros": 1622836838028,
    "ajuda": 1622745217305,
    "dstart": 1623108097964,
    "mstart": 1622811597941,
    "sstart": 1622834516034,
    "comida": 1622836829224
  },
  "firstJoin": 1622740090917,
  "firstJoinProcessed": true,
  "jailOnNextLogin": false,
  "lastKnownName": "ClebimYT",
  "fly": true,
  "homes": {
    "t1": {
      "x": 6397.068399605788,
      "y": 77,
      "z": 8537.07808434633,
      "rotx": 22.800024032592773,
      "roty": -310.5123291015625,
      "rotz": 0,
      "world": "fa9df8f4-6bbe-42a7-b26d-a3befddff91d"
    },
    "poke": {
      "x": 6253.89694979044,
      "y": 79,
      "z": -1495.106629886166,
      "rotx": 17.54991340637207,
      "roty": -143.29727172851562,
      "rotz": 0,
      "world": "fa9df8f4-6bbe-42a7-b26d-a3befddff91d"
    },
    "pesca": {
      "x": 6637.352455612378,
      "y": 63.09375,
      "z": 8666.762576797495,
      "rotx": 24.599882125854492,
      "roty": -240.61248779296875,
      "rotz": 0,
      "world": "fa9df8f4-6bbe-42a7-b26d-a3befddff91d"
    },
    "ultra": {
      "x": 2970.300000011921,
      "y": 92,
      "z": -1308.9455011856764,
      "rotx": 24.30007553100586,
      "roty": -334.79644775390625,
      "rotz": 0,
      "world": "c28925ca-19de-463e-a50c-875f2214c05e"
    },
    "deserto": {
      "x": 1424.2920402380664,
      "y": 88,
      "z": 1369.7493444526597,
      "rotx": 34.64999008178711,
      "roty": -271.35223388671875,
      "rotz": 0,
      "world": "c28925ca-19de-463e-a50c-875f2214c05e"
    }
  },
  "powertools": {}
}